state,year,contest,party,mode,strategy,pct_r2,pct_rmse,pct_mean_abs_error,pct_median_abs_error,pct_mean_abs_pct_error,counts_r2,counts_rmse,counts_mean_abs_error,counts_median_abs_error,counts_mean_abs_pct_error,partisan_r2,partisan_rmse,partisan_mean_abs_error,partisan_median_abs_error,partisan_mean_abs_pct_error
OK,2020,PRES,DEM,party,uniform,0.843204890730832,0.021580158009242206,0.014476608192119548,0.010000000000000009,887187851815.9167,0.8139371440587603,88.68386800591485,52.92615440109643,29.428571428571445,3268295632061073.0,0.8114484709088791,0.056280288100335495,0.03876774991305409,0.02568855937804425,2566301407061.982
OK,2020,PRES,DEM,Absentee,uniform,0.2551932908944152,0.05507287832588222,0.037371819056503074,0.024499293609241253,17005866698681.42,0.4555939696760791,62.396120213338705,32.95731739948528,14.083333333333336,5113858519735688.0,0.2676987614307953,0.1615548211769991,0.1190875632095084,0.08870699930198664,60551422918364.92
OK,2020,PRES,DEM,Early,uniform,0.19269670986325937,0.06598296434097829,0.04333313112495197,0.02944111776447105,23225391301257.16,0.2566400368660827,31.6799081474939,21.238548481305934,14.03846153846154,6712247390456932.0,0.33183986674608335,0.13930045216664827,0.09992758157839203,0.0725318304389761,66204872821579.3
OK,2020,PRES,DEM,party,by_area,0.6920921231164059,0.030241182130266754,0.021294174630896404,0.015305256221649587,166783587578.3166,-0.09883572280675068,215.5168200311608,97.4569069524659,43.60977575121004,199500051351398.9,0.7277436186353416,0.06762858745684652,0.04880162923057341,0.035614506205125795,2274526162948.7256
OK,2020,PRES,DEM,Absentee,by_area,-0.34552618882252384,0.07402221261627039,0.05306853996072162,0.03901745940565965,14043655931425.803,-2.442791240688506,156.91030522259655,62.59149869023949,21.024312035932212,3340382310702970.0,0.2676987614307953,0.1615548211769991,0.1190875632095084,0.08870699930198658,60551422918364.92
OK,2020,PRES,DEM,Early,by_area,-0.38479634380047334,0.086418438666796,0.06109767038256387,0.044338216285892136,24641301286655.043,-2.0155452714711264,63.80684292099621,35.58556273264122,20.511195796748336,8160774513591977.0,0.33183986674608335,0.13930045216664827,0.099927581578392,0.07253183043897607,66204872821579.3
OK,2020,PRES,DEM,party,by_vap,0.8155270525284222,0.023407482514655437,0.015489837135134674,0.009861804325117046,881335018182.8914,0.7696895130676493,98.66693609495805,57.73151433221533,29.842904019688277,3326958505938828.0,0.8078198528846637,0.056819256079602885,0.038999884802624535,0.026103183810946423,2596925222508.3267
OK,2020,PRES,DEM,Absentee,by_vap,0.10730563160074058,0.06029306787376786,0.04061299619237523,0.025628396023568374,16029946022721.809,0.33084094954942067,69.17685291599358,36.388783291716614,14.719099931008863,4921127997099242.0,0.2676987614307953,0.1615548211769991,0.1190875632095084,0.08870699930198658,60551422918364.92
OK,2020,PRES,DEM,Early,by_vap,0.07116442416477453,0.07077548955643148,0.04556169536616909,0.029425402147162678,21285066206714.08,0.1000643461780707,34.857004259592074,22.675660985146536,13.988985457361673,6485386807193020.0,0.33183986674608335,0.13930045216664827,0.09992758157839203,0.07253183043897612,66204872821579.3
OK,2020,PRES,DEM,party,by_cvap,0.8019548298926806,0.02425328062695061,0.01583744889132488,0.009967184718387506,815649135644.5906,0.7449795794718301,103.82507757581882,59.532774681220225,29.910981800173346,3648145537284763.0,0.8084054978812328,0.05673261522913075,0.038875339179326784,0.025943783976735645,2595658674294.2695
OK,2020,PRES,DEM,Absentee,by_cvap,0.02982067866673921,0.0628553127782835,0.04181013176323394,0.02544962127898402,16217140169032.996,0.2692008112403175,72.2928174647615,37.406226442277614,14.9974751398384,5274656550183861.0,0.2676987614307953,0.1615548211769991,0.1190875632095084,0.08870699930198661,60551422918364.92
OK,2020,PRES,DEM,Early,by_cvap,0.02655273833061067,0.07245521931654891,0.046410317886746724,0.0280440589126993,20752043298592.684,-0.011018814814765632,36.94570424484349,23.385131586430738,13.884332925336615,6530002053276284.0,0.33183986674608335,0.13930045216664827,0.099927581578392,0.07253183043897612,66204872821579.3
OK,2020,PRES,DEM,party,by_totpop,0.8163094867984938,0.023357788837551966,0.015497283061999137,0.010024118230912912,886219152944.0696,0.7705520982804989,98.48199341074603,57.71667689071184,29.80420397041651,3341387589914055.0,0.8087555807111566,0.056680760412945744,0.0389330515613269,0.026233859727393366,2594459262688.503
OK,2020,PRES,DEM,Absentee,by_totpop,0.1096170174195984,0.060214961148280094,0.04068534587491382,0.02552378755419116,16061869420087.379,0.3337393078598112,69.02687595181048,36.32479675062852,14.775362115033047,4899435384244770.0,0.2676987614307954,0.16155482117699907,0.1190875632095084,0.08870699930198658,60551422918364.94
OK,2020,PRES,DEM,Early,by_totpop,0.07426606762984556,0.07065722109910005,0.045588616623809475,0.029090123827431646,21098259235892.996,0.10205094607698084,34.81850974136055,22.639153768891116,14.170299535930251,6434108682430861.0,0.33183986674608335,0.13930045216664827,0.09992758157839203,0.07253183043897615,66204872821579.3
OK,2020,PRES,DEM,party,by_day_of,0.9317374304787751,0.014239006232597617,0.00847788816587128,0.0046000886560037604,0.1924827771550016,0.9369487250451106,51.62519699905576,28.24624825064239,14.724057520404187,0.1924827771550016,0.9667686660775862,0.02361005153580035,0.018017301184037438,0.014814739231356455,0.0963798272743862
OK,2020,PRES,DEM,Absentee,by_day_of,0.644648853833344,0.0380403798824744,0.021953594650525838,0.011209345401128765,6772757868791.432,0.7990913460082412,37.90490779649659,17.89491547446282,7.232244318181813,518039923530078.25,0.38910767234766197,0.14755616996564835,0.10190137388259565,0.07032357305655629,45540020219616.41
OK,2020,PRES,DEM,Early,by_day_of,0.5179924629836241,0.05098475962440432,0.029257946388367324,0.015698422245216788,8481465628442.046,0.7090433638577722,19.819763317879136,12.518309730387273,7.621621621621621,1661848459243666.2,0.5641683815729099,0.11245536446736243,0.07672051625497855,0.05350997970268828,46161980140025.04
OK,2020,PRES,DEM,party,by_voterfile_tot_votes,0.9453301413008988,0.01274272585600392,0.007997295462768336,0.004835155625286913,35361401637.12606,0.9444661419413636,48.44999186323358,27.449393332127297,14.416782938010755,9490572450197.902,0.9333057964543015,0.033472282472424876,0.02466055702664168,0.018846389720976534,1383948571387.6345
OK,2020,PRES,DEM,Absentee,by_voterfile_tot_votes,0.7144934384326028,0.03409761728257774,0.01981963045493299,0.011549314473884244,7572853877095.474,0.8449916437321747,33.29459052011536,16.36652773326262,6.7296028174525535,656651298869871.2,0.2676987614307953,0.1615548211769991,0.1190875632095084,0.08870699930198664,60551422918364.92
OK,2020,PRES,DEM,Early,by_voterfile_tot_votes,0.5556767612930137,0.04895115861521848,0.029149479493030487,0.01728847632913672,9305360028714.867,0.6738239652081596,20.985066745073347,13.313424372760803,8.06571693418549,1916885191896616.8,0.33183986674608335,0.13930045216664827,0.09992758157839203,0.07253183043897612,66204872821579.3
OK,2020,PRES,DEM,party,by_voterfile_mode,0.9839905769896432,0.006895665784545698,0.0039070183457935595,0.002024984387305001,50765451495.948715,0.9820362070740372,27.555849592393336,13.10866086558304,5.827554176712283,13677481626174.068,0.9540577599735935,0.027780967461034888,0.018419735456016374,0.012588817137128672,1615105101857.1792
OK,2020,PRES,DEM,Absentee,by_voterfile_mode,0.8835915338251566,0.021772498457012252,0.011631779577812232,0.005170059689069542,4424252206371.463,0.96240331452148,16.397245619311697,7.51253310687939,3.091627172195892,315712749895420.1,0.2676987614307953,0.1615548211769991,0.1190875632095084,0.08870699930198661,60551422918364.92
OK,2020,PRES,DEM,Early,by_voterfile_mode,0.8665347131144847,0.02682857610629844,0.014761575203842409,0.007033574799362768,3711667082203.026,0.8616732935092365,13.665872004422608,7.0003272294097965,3.299492385786806,506620427093500.9,0.33243997034865114,0.1391765200020784,0.0998133170112707,0.07250869499470736,65417471424247.93
OK,2020,PRES,DEM,party,by_voterfile_party,0.9544608395451818,0.011630031047347259,0.007331229456336977,0.004373804964872812,23526890154.94723,0.9636586430506466,39.19361797541849,23.3818488272832,13.49530173313844,7113865344079.061,0.9537471158331502,0.027874731453287137,0.019037276719809117,0.015023480372155562,2257067385996.123
OK,2020,PRES,DEM,Absentee,by_voterfile_party,0.7103374804180385,0.034344890572435595,0.01973731965048291,0.010855810855810853,7130968969565.256,0.8907817187400469,27.947553195360076,14.63707847632438,6.758689175769611,576455868436160.9,0.41527854393889163,0.14436089096005664,0.1003822990143396,0.06710083830252872,54134915221263.77
OK,2020,PRES,DEM,Early,by_voterfile_party,0.6275952946309373,0.04481475652997174,0.026747488386306563,0.015042027600219901,8404381826882.429,0.7651361841708733,17.80706675271927,11.550178722185908,7.281577110956036,1723354322104547.8,0.5337247392999642,0.1163679633096021,0.08038180979937738,0.05588516673252093,59046898470712.555
OK,2020,PRES,DEM,party,by_voterfile_mode_party,0.9912942237745876,0.005085013544970415,0.0027022797800163186,0.001276222381750014,46992759957.260086,0.9970257210971605,11.212581964700327,6.862375635695247,3.6730205278592383,10370329788397.104,0.9817532691458374,0.01750789025328658,0.009974840254780494,0.0074109052087935195,1665197171836.6758
OK,2020,PRES,DEM,Absentee,by_voterfile_mode_party,0.902265993879603,0.019949813287564348,0.00962851387988323,0.003797852363769486,2788228621812.0776,0.9910969842026666,7.9792981781828445,4.720992376405447,2.3719008264462813,158895043553043.62,0.5455613848112015,0.1273090094873903,0.07862258510789588,0.05090302247308642,39112489453982.75
OK,2020,PRES,DEM,Early,by_voterfile_mode_party,0.9300340521145544,0.019424811926644765,0.009772444878491797,0.003959040304816336,2161643679131.1218,0.9736466614920851,5.9648860385143925,3.567470797308965,2.013029315960912,214549833665301.6,0.7309983697879359,0.08777670869869163,0.053895229364922075,0.03450253131711029,28220097916371.754
OK,2020,PRES,DEM,party,by_voterfile_minus_day_of,0.9812544743184984,0.007461689554158166,0.004083155117840157,0.0020357876705104014,56279007988.6442,0.9740256499920771,33.13501180883141,13.93809283295102,5.81561159968021,14639805100673.562,0.9523482709423065,0.028293105204478662,0.018522942758378166,0.012334394426217893,1562867388342.7642
OK,2020,PRES,DEM,Absentee,by_voterfile_minus_day_of,0.6839603592731609,0.03587457499528126,0.01742325112783629,0.006328946456008962,6009301601250.923,0.9071658989208122,25.766171358666732,10.165345867441802,4.1818876576232356,335680937159071.0,0.26756860529975657,0.16160897857588757,0.11914514984985039,0.08875727253093901,60594397668484.43
OK,2020,PRES,DEM,Early,by_voterfile_minus_day_of,0.8351195701708705,0.029819339319539496,0.017081305957890598,0.008713173116680711,5029521507986.702,0.8478140452596377,14.33413918060254,8.21306583637619,4.312470808033627,783312123503273.2,0.33184510466187656,0.13934891497276466,0.0999843123899864,0.07255496588324489,66251926746825.62
OK,2020,PRES,DEM,party,by_scaled_voterfile_minus_day_of,0.9459178301108032,0.012674050061920399,0.006817088648762707,0.003366123336353055,68440104649.10441,0.9478735552276771,46.940081377114126,21.001568046283552,10.528297416167334,17507471509582.693,0.946210526370721,0.03006006599815604,0.020179352615027426,0.014751801105794556,1639178342890.6838
OK,2020,PRES,DEM,Absentee,by_scaled_voterfile_minus_day_of,0.2344470439806844,0.0558346250292713,0.027694849026286113,0.010536129015707947,4867549485224.91,0.8118183432889716,36.68468264116589,15.26236395647733,7.362688311182703,194548972306487.0,0.3115952245268674,0.14623823715654194,0.10738375243649806,0.08058823529411765,32353519917006.23
OK,2020,PRES,DEM,Early,by_scaled_voterfile_minus_day_of,0.7952359201955425,0.03323076570978025,0.01806847801611701,0.008527316499658592,2049711662381.3394,0.8127264165011745,15.900932385290748,8.590725151170691,4.0,178911433617407.06,0.42350907409176997,0.12341039532562913,0.08865518328674826,0.06537428373490403,26672807524787.33
OK,2020,PRES,REP,party,uniform,0.9312694917423873,0.013046113746393823,0.007953899343978513,0.004647069177961628,263983970977.45288,0.91083563899059,115.94303070559577,76.8904197051003,53.54545454545456,3652999624275796.5,0.8114484709088792,0.05628028810033549,0.03876774991305408,0.025688559378044318,0.06528410038700193
OK,2020,PRES,REP,Absentee,uniform,0.2989202234138084,0.04936926731446542,0.03306119511756985,0.02178649237472767,6689368100730.032,0.3360149538121563,51.28371792919069,28.82656468738927,14.090909090909092,3773124733931824.5,0.2676987614307952,0.1615548211769991,0.11908756320950838,0.08870699930198656,30668669110096.273
OK,2020,PRES,REP,Early,uniform,0.21975794882420463,0.060742546005056006,0.03837824428978778,0.025273224043715847,3805901200204.623,0.1391900575189885,75.54239376593848,49.92968861939587,35.727272727272734,5266203352057047.0,0.33183986674608335,0.13930045216664827,0.099927581578392,0.07253183043897621,12723436313296.488
OK,2020,PRES,REP,party,by_area,0.8769466048151411,0.017456339649116723,0.011416194023181359,0.007190761398381165,6461647066.828153,0.70060169697384,212.45828179847055,124.68266238363869,72.41558490227317,131091297427244.9,0.7277436186353416,0.06762858745684652,0.04880162923057341,0.03561450620512574,0.06924728653290423
OK,2020,PRES,REP,Absentee,by_area,-0.20273041181463602,0.06466318743077272,0.045890158786497326,0.03239457690591736,3917770278989.3813,-1.8051079126191079,105.40838032403457,48.31144333127546,19.17524633895662,1288301535343067.0,0.2676987614307952,0.1615548211769991,0.1190875632095084,0.08870699930198656,30668669110096.273
OK,2020,PRES,REP,Early,by_area,-0.30409954980563714,0.07852965460560093,0.05419222191964032,0.036009306593830566,1334613636826.8315,-1.2209049027634404,121.33946804829989,77.31497092706458,49.59384163658857,1354860336962444.2,0.33183986674608335,0.13930045216664827,0.099927581578392,0.07253183043897621,12723436313296.488
OK,2020,PRES,REP,party,by_vap,0.9176956274146592,0.01427637138903662,0.008625693250552752,0.004648764394418206,253497543792.98993,0.8956950295530236,125.401144405426,82.71975999238761,53.38125359401954,3581080360605952.0,0.8078198528846638,0.05681925607960288,0.03899988480262453,0.02610318381094634,0.06671685471953415
OK,2020,PRES,REP,Absentee,by_vap,0.10840488123111269,0.05567456125218649,0.0367503861899301,0.02291079812206573,6198207637981.505,0.19653545484504853,56.41358665557751,31.367301591785917,14.734007026065836,3725273423593559.5,0.2676987614307952,0.1615548211769991,0.11908756320950838,0.08870699930198656,30668669110096.273
OK,2020,PRES,REP,Early,by_vap,0.08058964921677847,0.0659375808055345,0.041172966414184005,0.02507763713742659,3908835544368.2573,0.03397513972257704,80.02602708068359,53.206048866292484,35.944235071545464,5541945335821490.0,0.33183986674608335,0.13930045216664827,0.09992758157839203,0.07253183043897621,12723436313296.488
OK,2020,PRES,REP,party,by_cvap,0.9115414511719911,0.014800496624152528,0.008873232172398295,0.0048452056886429135,212648747093.19928,0.8875589497886124,130.20013793854994,85.124684303951,52.10672169811323,3579195279158389.5,0.8084054978812328,0.05673261522913075,0.038875339179326784,0.02594378397673569,0.06620239087983726
OK,2020,PRES,REP,Absentee,by_cvap,0.027118058323440053,0.05815713895905638,0.038116403771113604,0.02257493783385377,6063286536536.942,0.1336998388732461,58.57800153863271,32.40139529212186,15.474036083890468,3857550861667604.0,0.2676987614307952,0.1615548211769991,0.1190875632095084,0.08870699930198656,30668669110096.273
OK,2020,PRES,REP,Early,by_cvap,0.03159324982222589,0.06767172059271567,0.04222071356013106,0.024316975402826287,3893510357230.8735,-0.032647125308840286,82.73953493001105,54.65196064885094,36.20614423327258,5528318889258988.0,0.33183986674608335,0.13930045216664827,0.099927581578392,0.07253183043897621,12723436313296.488
OK,2020,PRES,REP,party,by_totpop,0.9178583533154951,0.014262251332350522,0.008643983639858093,0.004724757195784364,265325385749.1053,0.8955444618068662,125.49162215801319,82.95329784295934,53.37179913535084,3646764800191589.0,0.8087555807111566,0.056680760412945744,0.03893305156132689,0.026233859727393366,0.06637634735772127
OK,2020,PRES,REP,Absentee,by_totpop,0.11108735317081297,0.055590746331357556,0.036831434881530435,0.023125382708897656,6300482743120.859,0.19709049941338197,56.39409764102641,31.429448311415417,14.877333605970758,3740298301784937.0,0.2676987614307952,0.1615548211769991,0.1190875632095084,0.08870699930198656,30668669110096.273
OK,2020,PRES,REP,Early,by_totpop,0.08394866773751342,0.06581702080647535,0.04122163923760424,0.024883964699231258,3842047052945.3574,0.033133210825305515,80.06089241057057,53.31652537987947,35.78133238191513,5444603722346908.0,0.33183986674608335,0.13930045216664827,0.099927581578392,0.0725318304389761,12723436313296.488
OK,2020,PRES,REP,party,by_day_of,0.9623906949520384,0.00965059382173592,0.005436955179383191,0.002723366673058697,0.10208485363571253,0.957237864560458,80.29318584467063,48.80654923595144,30.4030703320243,0.10208485363571253,0.9667686660775862,0.023610051535800345,0.018017301184037438,0.014814739231356566,0.025607339553940445
OK,2020,PRES,REP,Absentee,by_day_of,0.7332290125119109,0.030453853929616387,0.01894674932663979,0.011126530485243556,1349222343401.6208,0.740499082600212,32.06046391286909,16.176270465386594,7.568401868094327,319604349465793.8,0.38910767234766186,0.14755616996564835,0.10190137388259565,0.07032357305655623,28908138749944.586
OK,2020,PRES,REP,Early,by_day_of,0.4821143672385262,0.0494874694081685,0.028736622385433595,0.01603388133919209,530702107951.7284,0.5054617501251853,57.25811533879254,35.16726888293742,22.46037215713301,452898893734249.9,0.5641683815729099,0.11245536446736243,0.07672051625497855,0.053509979702688226,11942151149346.232
OK,2020,PRES,REP,party,by_voterfile_tot_votes,0.9799870575321705,0.007039824887916479,0.003950244218429141,0.001960154203200122,0.08364380061963861,0.9762805300772661,59.80004176812587,35.83624726213089,22.71970027010542,0.08364380061963861,0.9333057964543015,0.033472282472424876,0.02466055702664168,0.018846389720976464,0.04270600059060744
OK,2020,PRES,REP,Absentee,by_voterfile_tot_votes,0.8269462867841214,0.024528072620726423,0.015411413441722888,0.008992058675479725,1468675068620.9854,0.8518749078295892,24.222260491143253,12.626302505115024,6.2522522522522515,452249538285733.4,0.2676987614307952,0.1615548211769991,0.1190875632095084,0.08870699930198656,30668669110096.273
OK,2020,PRES,REP,Early,by_voterfile_tot_votes,0.6777844372147945,0.03903476518317305,0.02212837468036629,0.012109739796972108,475010321948.45483,0.6985591505297913,44.70315319490394,26.811000944154998,17.444989488437272,437977437749170.8,0.33183986674608335,0.13930045216664827,0.099927581578392,0.07253183043897615,12723436313296.488
OK,2020,PRES,REP,party,by_voterfile_mode,0.9987532298608441,0.0017571125434477771,0.0010363539246082386,0.0005946713097020467,0.03408510793142435,0.9949426102841786,27.612911960789734,13.334316273239953,5.987380435089335,0.034085107931424344,0.9540577599735935,0.027780967461034888,0.018419735456016377,0.012588817137128672,0.03387009486455288
OK,2020,PRES,REP,Absentee,by_voterfile_mode,0.9414250250913021,0.014270165757247778,0.008681375294942877,0.005056556748466258,589947291076.9176,0.9327688711234372,16.318699879136208,7.492226468276448,3.08203125,220661070125716.78,0.2676987614307952,0.1615548211769991,0.1190875632095084,0.08870699930198656,30668669110096.273
OK,2020,PRES,REP,Early,by_voterfile_mode,0.986665520237072,0.007940838310789854,0.004702149914315029,0.0026237852324808852,47973296120.15772,0.9711871357620656,13.820708963772324,7.236763571840955,3.471518987341774,90830064080368.53,0.33243997034865114,0.1391765200020784,0.0998133170112707,0.07250869499470747,12732479267321.572
OK,2020,PRES,REP,party,by_voterfile_party,0.9797961112445012,0.007073329138178589,0.0039786308899015105,0.0020603249972215264,0.07461768170372661,0.9793659903889286,55.77515834712407,34.93098033637781,22.574088644112237,0.07461768170372661,0.9537471158331502,0.027874731453287137,0.01903727671980912,0.015023480372155618,0.025473345335762912
OK,2020,PRES,REP,Absentee,by_voterfile_party,0.8303654193935023,0.024284555399684347,0.014876202443093308,0.008380820681921704,1339099555142.1355,0.8864028777110897,21.212117218242252,11.413510330648649,5.812606473594547,270912455443767.28,0.41527854393889163,0.14436089096005664,0.1003822990143396,0.06710083830252866,25768498949108.473
OK,2020,PRES,REP,Early,by_voterfile_party,0.6660472920242972,0.039739353686363506,0.022681638686795107,0.012156882886758112,441633902584.8158,0.7165700565396173,43.34709227808296,26.998978619485943,17.48235294117647,371090773136253.56,0.5337247392999641,0.11636796330960211,0.08038180979937738,0.05588516673252092,11371830062680.967
OK,2020,PRES,REP,party,by_voterfile_mode_party,0.9992365451005429,0.0013749853667987782,0.0007543464511724806,0.00035135014729510694,0.01581100879500891,0.9993161916293647,10.153510074613562,6.476084526055876,4.048644047835751,0.01581100879500891,0.9817532691458374,0.01750789025328658,0.009974840254780492,0.007410905208793561,0.013714201230311055
OK,2020,PRES,REP,Absentee,by_voterfile_mode_party,0.9535738657407303,0.012704401887169772,0.007052282723036354,0.0033703717324502086,362750764838.5335,0.9892472034722093,6.526210346505067,3.942719741195557,2.416549789621314,40910484942983.93,0.5455613848112015,0.1273090094873903,0.07862258510789588,0.05090302247308637,7383590822438.92
OK,2020,PRES,REP,Early,by_voterfile_mode_party,0.9913064518930961,0.006411753915207255,0.003630423288241004,0.0017535612216725283,0.10501192882514822,0.9940055189020294,6.303952074669014,4.140923466832321,2.592465753424648,0.10501192882514822,0.7309983697879359,0.08777670869869163,0.053895229364922075,0.034502531317110285,0.07592404654690359
OK,2020,PRES,REP,party,by_voterfile_minus_day_of,0.9984342972822616,0.0019690694568496813,0.0010976798050734635,0.0006457254711189769,0.03520285115991137,0.9925940040602863,33.414943604774514,14.300468762004506,6.254347826086928,0.03520285115991136,0.9523482709423065,0.02829310520447866,0.018522942758378166,0.01233439442621792,0.03392281481633704
OK,2020,PRES,REP,Absentee,by_voterfile_minus_day_of,0.7194896648017031,0.03122823189647247,0.01730661253324595,0.007928088925319647,1323099300601.4778,0.8768113627894746,22.08948948538423,10.745960577388919,5.524459078080902,337187172815570.75,0.26756860529975657,0.16160897857588757,0.11914514984985039,0.0887572725309389,30690435376320.613
OK,2020,PRES,REP,Early,by_voterfile_minus_day_of,0.9565185446406926,0.014339379235449739,0.008097441492540363,0.004483434757788472,199698584317.3296,0.9199805471774757,23.03217193638123,11.439059257936417,6.1827768014059785,157559805696882.84,0.33184510466187656,0.13934891497276466,0.0999843123899864,0.07255496588324495,12732479267321.572
OK,2020,PRES,REP,party,by_scaled_voterfile_minus_day_of,0.9847910250912365,0.006137003269890546,0.0035737944348507205,0.0020603631413877443,0.0760525150754776,0.9790854078232714,56.153094946550304,33.233606943654976,22.841187925234607,0.07605251507547758,0.946210526370721,0.03006006599815604,0.02017935261502743,0.014751801105794604,0.03496597663126076
OK,2020,PRES,REP,Absentee,by_scaled_voterfile_minus_day_of,0.1321339311883174,0.05492869948783127,0.030092890025915482,0.01479576095910018,1201395558017.4634,0.6959886397697272,34.70126123895144,17.298822049433568,10.918879629966284,287524698470693.75,0.3115952245268673,0.14623823715654194,0.10738375243649806,0.08058823529411768,23789149027146.98
OK,2020,PRES,REP,Early,by_scaled_voterfile_minus_day_of,0.86054382022855,0.025680128754438057,0.015068054867855679,0.008597165835877357,44465779910.615456,0.8648537663331952,29.93223034980872,18.807012562022166,12.827626407510653,67673890545628.305,0.42350907409176997,0.12341039532562913,0.08865518328674826,0.06537428373490406,7605403043665.953
OK,2016,PRES,DEM,party,uniform,0.9443982949096127,0.012558021559149674,0.007808373279314197,0.00506732174778074,385213328476.96576,0.939920400132903,39.539506603311715,23.488463995786724,13.079999999999984,1344125577369352.5,0.9212920098043937,0.03475960374744147,0.020801469143645154,0.012545302260481866,1218029680975.5168
OK,2016,PRES,DEM,Absentee,uniform,0.2221261024118094,0.06009258946304041,0.03932128684844237,0.026866934630844087,37988600406911.945,0.3907952299689378,15.851288501023806,8.016074311857762,4.0,3830801237068674.5,0.15386336305619752,0.17295711478030124,0.1296754380868492,0.10027224027399664,120980031980530.64
OK,2016,PRES,DEM,Early,uniform,0.17850953262565739,0.06888690536580067,0.04256085081299953,0.02719155844155844,26850358086149.355,0.2884870164636961,26.940228659624225,16.489186577144334,9.682926829268293,5085746952272284.0,0.2901975205172662,0.13981680032726262,0.09890848809236026,0.07144654088050312,66514524812289.32
OK,2016,PRES,DEM,party,by_area,0.9002872121822331,0.0168171577749902,0.011499371311350908,0.007974523075774034,12594813046.105194,0.7010830973435793,88.19479733516552,42.30818426122275,20.247367411750503,68077919405241.5,0.9332742859098566,0.0320045717731344,0.020281129983441757,0.012303121518787735,618347203849.2324
OK,2016,PRES,DEM,Absentee,by_area,-0.324191273484445,0.07840462467953178,0.05471205050526024,0.03902998836341483,39816300299592.945,-2.221122970369767,36.44908036586434,14.501446538006796,5.543339134621564,4505994272765004.0,0.15491523555324638,0.17196806065611847,0.12905684289181166,0.10013323604986835,120432193098110.73
OK,2016,PRES,DEM,Early,by_area,-0.3279055220710607,0.08758283512782192,0.06037973671253164,0.04310720747768278,24802848311662.08,-1.9084531476182223,54.46793354368249,28.323599722740536,14.762133958538662,5483340735357998.0,0.2876114589048362,0.13942110578126515,0.09876144267622357,0.07144654088050312,66797766223839.18
OK,2016,PRES,DEM,party,by_vap,0.935886489995882,0.013485030908086806,0.008360319408254078,0.004902477522407599,344355310988.0432,0.9245287739883751,44.315783537402694,25.74439337066412,13.930870762510693,1329130325283154.8,0.9185003393314635,0.035370671576865444,0.020617278688694233,0.01217155511255115,1188517690887.827
OK,2016,PRES,DEM,Absentee,by_vap,0.06205301246347794,0.0659865565813218,0.04259924236636889,0.027182278105533763,36243614990845.26,0.2705832106161633,17.34486007218086,8.809992975167413,4.0981111875812495,3931204639950395.0,0.1549152355532465,0.17196806065611844,0.12905684289181166,0.10013323604986835,120432193098110.73
OK,2016,PRES,DEM,Early,by_vap,0.06277330072516896,0.07357965329761476,0.045379912144436735,0.027738565782044054,24780778585885.98,0.10847796720629377,30.15615057648038,17.903374896177887,10.109184523358824,4694480062965382.0,0.2876114589048362,0.13942110578126515,0.09876144267622357,0.07144654088050312,66797766223839.18
OK,2016,PRES,DEM,party,by_cvap,0.931674218144521,0.013920969256566528,0.008617353031801847,0.005093154164556975,292251220386.91016,0.9167982359943746,46.53010117817982,26.576214337584556,13.916721282824284,1456512811885396.8,0.9176085424240692,0.03556366400391022,0.020458689950135316,0.011647698776764054,1193547257855.3892
OK,2016,PRES,DEM,Absentee,by_cvap,-0.0077875943361274125,0.06839916869116305,0.04380822438534983,0.026671734142235032,36819233242689.09,0.213544755406616,18.010257796241596,9.08779920897866,4.180929095354522,4042435256788004.5,0.15491523555324638,0.17196806065611847,0.12905684289181166,0.10013323604986835,120432193098110.73
OK,2016,PRES,DEM,Early,by_cvap,0.02021670525836261,0.07523162217160476,0.04649551740146571,0.027450980392156862,23788657296212.824,0.01992409923345906,31.61838752780748,18.419821434975944,9.769591252278053,4659266604723283.0,0.2876114589048362,0.13942110578126515,0.09876144267622357,0.07144654088050312,66797766223839.18
OK,2016,PRES,DEM,party,by_totpop,0.9356666963149103,0.013508125796335653,0.008363601605179379,0.004888155462177211,351441068904.13336,0.9251301390359893,44.13887331022095,25.673074127886444,14.021119324181626,1332715073548961.0,0.9189466084082331,0.035273698752019154,0.020614304070309668,0.012325162434553782,1184508171084.1064
OK,2016,PRES,DEM,Absentee,by_totpop,0.06772549756144619,0.06578671831049404,0.04256339084868479,0.026651817059293516,36211187170460.43,0.27776924203531606,17.25920999183692,8.786736904340131,4.080929711565387,3920218443431102.5,0.1549152355532465,0.17196806065611844,0.12905684289181166,0.10013323604986835,120432193098110.73
OK,2016,PRES,DEM,Early,by_totpop,0.062145353041333506,0.07360429858152664,0.04538203729104316,0.02755839612705919,24766140022027.324,0.11451848601150327,30.053815248525332,17.858586528041847,10.091045335331586,4681787210319517.0,0.2876114589048362,0.13942110578126515,0.09876144267622357,0.07144654088050312,66797766223839.17
OK,2016,PRES,DEM,party,by_day_of,0.974403251270209,0.008520588113419028,0.004845542053597483,0.0025747047274010393,0.1000253462380682,0.9787630692820909,23.50788756954174,13.046030810642568,7.120913995556975,0.1000253462380682,0.9872802134915454,0.01397711547837244,0.0097444029199424,0.007221348689948892,0.049839888473390825
OK,2016,PRES,DEM,Absentee,by_day_of,0.5853867882322014,0.043872045941575046,0.026472927347347994,0.014438943894389433,17256131443936.201,0.7547829461932833,10.056763981338396,4.731425423785796,2.3579918396310084,989549962143065.8,0.3123988477148564,0.15591826533344316,0.10937049286369156,0.07715886885715897,102161138627857.61
OK,2016,PRES,DEM,Early,by_day_of,0.51112241901703,0.05314170350362654,0.029803104271075232,0.015150699018191612,11189576399124.73,0.7147256159557482,17.05851615084925,10.03101830039652,5.699163179916319,1453020147283511.0,0.5040629176898724,0.1169047495080438,0.07768603393509016,0.05480267460675309,53607628111837.88
OK,2016,PRES,DEM,party,by_voterfile_tot_votes,0.9743567657347687,0.008528321604080387,0.0049805667416593195,0.002857400519400222,907451936.8640965,0.974827870078951,25.59338395998436,14.282755341798024,7.8455386153461575,1558805440894.2593,0.9720939716390381,0.020697334622472145,0.014633020291715102,0.010771005234673087,210462168936.74725
OK,2016,PRES,DEM,Absentee,by_voterfile_tot_votes,0.6066518244343106,0.04273216429871687,0.026323079962493685,0.015862699005918267,18202598742510.324,0.7140869561235312,10.859251897331907,5.016950563430836,2.356981751076482,1125809821286762.0,0.15452622583964404,0.17198997028948018,0.12906267587943468,0.1001332360498684,119898536869393.83
OK,2016,PRES,DEM,Early,by_voterfile_tot_votes,0.5147051317739364,0.052946622394488836,0.030590496310737698,0.016772073289151555,12324178205398.492,0.6713481639145402,18.30955942966921,10.78760263354112,6.161192008127328,1744507120679428.0,0.28650755462432487,0.13859598354391153,0.09840600149366513,0.07144654088050315,66940293463292.59
OK,2016,PRES,DEM,party,by_voterfile_mode,0.9897082997144684,0.005402822930908885,0.002945878206733906,0.0015880342919112993,1396995284.8006544,0.9870334560393528,18.368760354571666,8.88996195005114,4.121595994605997,1219576883571.1794,0.9774201432955336,0.018617698641960664,0.012831090083339044,0.009212051598716575,225240874977.23016
OK,2016,PRES,DEM,Absentee,by_voterfile_mode,0.6749384988554503,0.03884624883291851,0.022586193981527596,0.01112786995139936,13110750016920.479,0.834379343029275,8.264948929578921,3.8582815910794213,1.8846153846153846,714338370784995.4,0.15909063865766104,0.17027724498970567,0.12807575209206806,0.09880368594061534,115878040090744.95
OK,2016,PRES,DEM,Early,by_voterfile_mode,0.8317533513964808,0.03117515504903629,0.016967766353949153,0.0080078594558336,5851180403319.538,0.8653208157743717,11.720876810273118,6.1213664647903245,2.9006928406466503,615902306051143.6,0.28650755462432487,0.13859598354391153,0.09840600149366513,0.07144654088050312,66940293463292.59
OK,2016,PRES,DEM,party,by_voterfile_party,0.9770900248654854,0.00806101034041731,0.004769055761353303,0.002692239840130905,1384285876.575542,0.9802143699151875,22.69042719316067,12.881841452235903,7.549040511727071,1208481570156.0325,0.9833353310645095,0.01599424523528819,0.011516354422140683,0.008958159295179707,147996047074.85104
OK,2016,PRES,DEM,Absentee,by_voterfile_party,0.5925105160364406,0.04349351648730941,0.02656138604400329,0.015537332757876565,18057425194643.434,0.7731787531947736,9.67218933887448,4.751371255128129,2.4034159249458744,1111882582840013.6,0.28825243525748534,0.157803287307474,0.11481159628438349,0.08404221408966583,120947646375733.52
OK,2016,PRES,DEM,Early,by_voterfile_party,0.560841498317171,0.05036699705543013,0.0291092264968237,0.015664442993409765,10863612596893.445,0.7270021832474585,16.68742972468263,9.896461918941345,5.840206185567011,1614573505132180.5,0.4369691399734805,0.12311814259707199,0.08372489536811345,0.059681879516106,65299453780191.82
OK,2016,PRES,DEM,party,by_voterfile_mode_party,0.9923961785006685,0.004644009782916658,0.0023402112584443285,0.0010415121008590794,0.05094194986676288,0.9949260835041042,11.490512184634479,5.547057560707452,3.019927536231883,0.05094194986676288,0.9873516984073762,0.013934183061084912,0.008750022284426867,0.006414189560830286,0.04674126019028839
OK,2016,PRES,DEM,Absentee,by_voterfile_mode_party,0.6973056813243734,0.03748594419202315,0.019644019502733884,0.008498242573065626,7054853274305.914,0.9398222572973864,4.981967262535287,2.619695873800088,1.5501113585746111,407334205789323.9,0.24631028911109354,0.16097613706042896,0.10590201538194279,0.0717059146116546,69571619374864.81
OK,2016,PRES,DEM,Early,by_voterfile_mode_party,0.8642749436646536,0.02800047678035864,0.013502317763212328,0.005711272389260304,2866173470737.4614,0.9347065334217934,8.161025339067784,4.100968240956102,2.1447368421052633,324186975010368.3,0.39738659665526244,0.1273724049072508,0.07320656789141942,0.04691239565029026,42823401425110.86
OK,2016,PRES,DEM,party,by_voterfile_minus_day_of,0.9550043683219802,0.011296979635936696,0.006496287749278897,0.003522070401657716,2805984884.8923855,0.9357289008271927,40.89550669927466,20.890721829487248,9.826966292134841,2449624804370.2783,0.9745204782847388,0.019777028584225306,0.013163627906033213,0.009029296958778354,168087052030.76096
OK,2016,PRES,DEM,Absentee,by_voterfile_minus_day_of,-0.3236729224972914,0.07838927754146897,0.04421851498351748,0.021754506290588754,12002630546305.604,0.24550930825030548,17.640458380755877,8.481615839548077,3.531045751633987,688561326697318.5,0.15353754503414452,0.1654955710505282,0.1234551371700849,0.09402626631656746,98948696887078.45
OK,2016,PRES,DEM,Early,by_voterfile_minus_day_of,0.428884152098842,0.057437762943052265,0.03287203576085207,0.017050327206721925,6063551040075.084,0.35659128206766566,25.61847851751894,13.276483932106707,6.0,822213738488486.8,0.3664488032010531,0.11909383404747562,0.08494194203658735,0.06397571065017243,44840355203251.164
OK,2016,PRES,DEM,party,by_scaled_voterfile_minus_day_of,0.9723387352361298,0.008857541302994423,0.005193339709073779,0.002892569002364176,2338685230.367057,0.9555934059806399,33.99315401050896,16.944536339424726,7.580169026892236,2041672205994.815,0.9752873434996601,0.019477137124525118,0.013100981049386756,0.009029296958778354,157522389347.76224
OK,2016,PRES,DEM,Absentee,by_scaled_voterfile_minus_day_of,0.08516887504075044,0.06516835903935254,0.03706211159533894,0.018974313314252374,12973378134782.135,0.46249117953142205,14.889349370244176,7.069640833245581,3.0,773776798267459.0,0.16277382778477123,0.16665785047980183,0.1252904925264466,0.0952766844176893,111537002776780.47
OK,2016,PRES,DEM,Early,by_scaled_voterfile_minus_day_of,0.634913398319354,0.04592332856833934,0.026995590510430597,0.014423747711936052,6374917370169.434,0.5427806174317864,21.595943335003643,11.011805006609501,4.988376727332097,852448281497576.5,0.3282361069329477,0.12435981292870954,0.08977312657937205,0.06748649631189205,50721379210446.05
OK,2016,PRES,REP,party,uniform,0.9669829548330607,0.009029370718590684,0.005713294765542384,0.0034547561182388525,260512172959.32977,0.9525643281343664,77.55753228324421,52.521117028848785,35.10714285714286,2879915133352600.5,0.9212920098043937,0.03475960374744147,0.020801469143645154,0.012545302260481894,0.046503241508696176
OK,2016,PRES,REP,Absentee,uniform,0.31454049250797866,0.04740440922875717,0.03159698011528587,0.021504694240040596,8500598381064.766,0.3339409991261393,28.855098226718223,16.023620971811006,8.115384615384613,3240646692422337.5,0.15386336305619752,0.17295711478030124,0.12967543808684923,0.10027224027399662,29643562883637.027
OK,2016,PRES,REP,Early,uniform,0.23346942247950797,0.05818564527620695,0.03686767988920221,0.024155667701863354,4764595436234.507,0.1606595334251849,55.34331939199184,38.33705358724979,27.21951219512195,4980451143475097.0,0.2901975205172661,0.13981680032726262,0.09890848809236026,0.07144654088050317,22038626022380.65
OK,2016,PRES,REP,party,by_area,0.9346955887974526,0.01269871105282377,0.008497420508451162,0.005587490962197735,5910801658.458257,0.821310471756704,150.52928727071458,87.86130960445085,49.78053411079475,99120398978026.75,0.9332742859098566,0.0320045717731344,0.020281129983441757,0.012303121518787874,0.030253879002500417
OK,2016,PRES,REP,Absentee,by_area,-0.2252015528682021,0.06337698948365518,0.044427148832997074,0.030824716599844343,4501292428717.485,-1.86764086183344,59.87266456125567,26.965517590070853,11.34980081961606,1015986588226201.2,0.15491523555324638,0.17196806065611847,0.12905684289181166,0.10013323604986824,29771245135827.848
OK,2016,PRES,REP,Early,by_area,-0.3186920563583133,0.07631726675939568,0.05272344601194018,0.03662487991968573,2236836021599.013,-1.6342623393719937,98.04504141733598,61.91450095729546,37.38563031222603,2061030669959389.0,0.2876114589048361,0.13942110578126515,0.09876144267622357,0.07144654088050317,22132473968536.99
OK,2016,PRES,REP,party,by_vap,0.9596953653958897,0.009976216751484714,0.006277677165523714,0.003527014792969463,237873055033.48264,0.9409933827647654,86.50113642683348,57.69949558064935,35.33543626213964,2694225825145721.5,0.9185003393314635,0.03537067157686545,0.020617278688694233,0.01217155511255108,0.048068924499919403
OK,2016,PRES,REP,Absentee,by_vap,0.14354126520850363,0.052988430715105526,0.03528348077705946,0.023066042868023065,8101444688145.46,0.18667185356393579,31.885931387630915,17.72236950702705,8.966321980836733,3139253098800979.5,0.15491523555324638,0.17196806065611847,0.12905684289181166,0.10013323604986835,29771245135827.848
OK,2016,PRES,REP,Early,by_vap,0.09995500596569629,0.06304972888139558,0.039929371108846964,0.024735582671659373,5231604241498.032,-0.0270678886550193,61.220334526931445,41.918824611179915,27.4882901919352,5287563219573169.0,0.28761145890483597,0.13942110578126515,0.09876144267622357,0.07144654088050328,22132473968536.99
OK,2016,PRES,REP,party,by_cvap,0.9560617867047715,0.010416206440757879,0.006486522777939229,0.0035116187029923703,200131816473.56567,0.9355489510756316,90.40375071902677,59.62936143595433,35.17164774237651,2681074990794588.5,0.9176085424240692,0.03556366400391022,0.02045868995013532,0.011647698776764082,0.04706269535245407
OK,2016,PRES,REP,Absentee,by_cvap,0.053045628382144105,0.05571759509605219,0.03703213955520173,0.02306432857571935,7811698080654.899,0.12077614199467179,33.15247363906171,18.380965008575036,9.297719334292168,3146073434052265.5,0.15491523555324638,0.17196806065611847,0.12905684289181166,0.10013323604986824,29771245135827.848
OK,2016,PRES,REP,Early,by_cvap,0.047173686186609554,0.06487210408625226,0.04095824784224067,0.024031105801887904,5152222875238.778,-0.11695980130640171,63.8432363915302,43.12647344176755,28.07057811702098,5281382379226261.0,0.2876114589048361,0.13942110578126515,0.09876144267622357,0.07144654088050328,22132473968536.99
OK,2016,PRES,REP,party,by_totpop,0.9595078030752128,0.009999402552774329,0.006299063176985371,0.0034694741645222293,247032113150.34152,0.9407809291932575,86.65672035879315,57.93027139169782,36.31381451193829,2749094541334972.0,0.9189466084082331,0.03527369875201915,0.02061430407030967,0.012325162434553838,0.0475525764087152
OK,2016,PRES,REP,Absentee,by_totpop,0.13954084447901083,0.05311203799210219,0.03545573111083791,0.022993303332659042,8153361774807.6,0.19057382548683888,31.809352460913946,17.7808476941092,9.261240069237939,3149448042767120.0,0.15491523555324638,0.17196806065611847,0.12905684289181166,0.10013323604986835,29771245135827.848
OK,2016,PRES,REP,Early,by_totpop,0.10085780056271954,0.06301809977627867,0.039998539712478146,0.024514393056333156,5207711686906.609,-0.03387258543790228,61.42280316915776,42.07373883138756,27.69640263180382,5220057878246416.0,0.2876114589048361,0.13942110578126515,0.09876144267622357,0.07144654088050317,22132473968536.99
OK,2016,PRES,REP,party,by_day_of,0.9842857536349273,0.006229241397415741,0.0036435933350621136,0.0019329549630476527,0.07173480557746904,0.981590890522097,48.31565198738206,30.85793423516018,19.474698338492544,0.07173480557746906,0.9872802134915454,0.013977115478372446,0.009744402919942404,0.007221348689948892,0.014162426313212927
OK,2016,PRES,REP,Absentee,by_day_of,0.7103864529290508,0.030813233335510865,0.01850459822284518,0.010405433106656805,1851715179891.0488,0.7870954361705744,16.31393365518495,8.320279307609256,4.401612903225807,314621898627749.06,0.3123988477148564,0.15591826533344316,0.10937049286369156,0.07715886885715895,24952626087139.69
OK,2016,PRES,REP,Early,by_day_of,0.5364580538536712,0.04524760879434761,0.026480222092889475,0.014431957913300361,1073881166908.1846,0.5869904273539224,38.82184592754024,25.51594905931096,16.38594470046083,512417640710981.75,0.5040629176898724,0.1169047495080438,0.07768603393509016,0.0548026746067532,18820363326745.125
OK,2016,PRES,REP,party,by_voterfile_tot_votes,0.9900249384676661,0.004963021698653024,0.002904667779239055,0.00156156942660534,222888351.11149743,0.9876364757600494,39.59520506434732,24.97429045888603,15.538039478086318,1414672364069.5444,0.9720939716390381,0.020697334622472145,0.014633020291715105,0.010771005234673003,0.029813239366330655
OK,2016,PRES,REP,Absentee,by_voterfile_tot_votes,0.7554610519616356,0.028314040968933224,0.01712537014860724,0.009640692097416578,1713884610642.8928,0.8188472393055064,15.048343106953126,7.699352488234053,4.001741226895259,388957240408879.0,0.15452622583964404,0.17198997028948018,0.12906267587943468,0.10013323604986824,29814050664419.98
OK,2016,PRES,REP,Early,by_voterfile_tot_votes,0.6685945616876282,0.03825876338394352,0.022141936620354033,0.011263197206912762,905295116115.446,0.7201195576386448,31.958206498441747,21.0602758959314,13.944460396242675,546740866327391.7,0.28650755462432487,0.13859598354391156,0.09840600149366513,0.07144654088050317,20328761102781.383
OK,2016,PRES,REP,party,by_voterfile_mode,0.9989826160705273,0.0015850056655042888,0.0008833090156859274,0.0004829157303284648,0.02656711618653867,0.9975776760568459,17.526192002866985,8.968288771077502,4.517130578301533,0.02656711618653867,0.9774201432955336,0.018617698641960664,0.012831090083339044,0.00921205159871652,0.023016257150767702
OK,2016,PRES,REP,Absentee,by_voterfile_mode,0.9067908828883726,0.01748062810676481,0.010190612580514234,0.0054161524749760034,229084409608.71225,0.9399943834226411,8.660882717259744,4.328814882633165,2.25,97450750964375.98,0.15909063865766115,0.17027724498970565,0.12807575209206806,0.0988036859406155,27520376333893.1
OK,2016,PRES,REP,Early,by_voterfile_mode,0.9747011021663148,0.010570655362309526,0.005782584474317286,0.0032779720279720315,103822472131.3659,0.9637891784597175,11.49516770980424,6.4558040526808975,3.602332979851539,91952733784883.0,0.28650755462432487,0.13859598354391156,0.09840600149366516,0.07144654088050323,20328761102781.383
OK,2016,PRES,REP,party,by_voterfile_party,0.9898345854039623,0.005010152327926607,0.0029178481268363372,0.001553924317146703,151200437.8693749,0.9889578666438753,37.41949723930042,24.195733171514107,15.243450479233218,959669178791.5059,0.9833353310645095,0.015994245235288192,0.011516354422140686,0.008958159295179735,0.016393307735313417
OK,2016,PRES,REP,Absentee,by_voterfile_party,0.7636699934876343,0.027834746460634694,0.016650069756922938,0.009080740588114089,1483319719993.2256,0.8686949280207402,12.811705802059429,6.818947448126131,3.678114596110035,257282764521060.16,0.28825243525748534,0.157803287307474,0.11481159628438352,0.08404221408966583,21721287332825.46
OK,2016,PRES,REP,Early,by_voterfile_party,0.6519736144113057,0.039206420960685655,0.022456150084443724,0.011454712502871146,955101245282.6224,0.7214822491838058,31.880311960153847,21.064742549769818,13.260343730108211,452708456650912.5,0.4369691399734805,0.12311814259707199,0.08372489536811345,0.05968187951610604,16528316204660.182
OK,2016,PRES,REP,party,by_voterfile_mode_party,0.9988016090167244,0.001720234481290666,0.0009647784307398772,0.0005086089694960848,0.02165138720548042,0.9983775051464768,14.343763572412996,7.853104712431356,4.713344199560538,0.02165138720548042,0.9873516984073762,0.013934183061084916,0.00875002228442687,0.006414189560830286,0.01238972904156067
OK,2016,PRES,REP,Absentee,by_voterfile_mode_party,0.8549526144879834,0.021806340481905138,0.011822445646597035,0.0054749744637385064,2893840229.498608,0.9654065478366756,6.5760204938316535,3.826453404551654,2.4000000000000004,4352335704749.1455,0.24631028911109354,0.16097613706042896,0.10590201538194276,0.07170591461165471,349857503195.2097
OK,2016,PRES,REP,Early,by_voterfile_mode_party,0.9686659036450963,0.01176412689258241,0.006408432561171727,0.0030078072868010147,77531593331.8241,0.9703031196590466,10.41001936315834,5.959548253393872,3.483760683760684,38064940747496.92,0.39738659665526255,0.12737240490725077,0.07320656789141942,0.04691239565029037,8730874233051.467
OK,2016,PRES,REP,party,by_voterfile_minus_day_of,0.9720435112540278,0.008308635262556768,0.004906513233267407,0.00272057109660534,1611061097.484724,0.9574521725039083,73.45310333271823,44.06868996320485,26.0,10225404785047.152,0.9745204782847388,0.019777028584225306,0.013163627906033213,0.00902929695877841,0.02027380445881116
OK,2016,PRES,REP,Absentee,by_voterfile_minus_day_of,-0.7397570367970383,0.07552176604423984,0.043044346063202094,0.021296215124566135,472817292692.7572,0.18314955941573918,31.954901270909126,17.645478414798305,9.0,91447539172814.28,0.15353754503414452,0.1654955710505282,0.12345513717008491,0.09402626631656752,19391301750264.066
OK,2016,PRES,REP,Early,by_voterfile_minus_day_of,0.40641734608339053,0.05120256453755827,0.028793893885823846,0.015605246523388114,69752672825.76866,0.4335559772972948,45.46473059322919,27.872425304737767,16.91732283464567,95022093892400.33,0.3664488032010532,0.11909383404747562,0.08494194203658735,0.06397571065017249,7256502996608.244
OK,2016,PRES,REP,party,by_scaled_voterfile_minus_day_of,0.9859223426810814,0.005895947082047441,0.0034762520235879684,0.001922037113976184,1288020141.8937407,0.9771632814540733,53.81313628391638,31.984865347574164,18.63772569259129,8175063840085.762,0.9752873434996601,0.019477137124525125,0.013100981049386756,0.00902929695877841,0.02042399732309878
OK,2016,PRES,REP,Absentee,by_scaled_voterfile_minus_day_of,-0.12760006217799402,0.06080025236218675,0.03444027614214913,0.017210361838525753,555947683045.8215,0.5087468182449094,24.781003804985346,14.01391266229805,7.011189271473878,110484758723054.67,0.162773827784771,0.16665785047980183,0.12529049252644664,0.09527668441768927,20488577636841.66
OK,2016,PRES,REP,Early,by_scaled_voterfile_minus_day_of,0.7087902261588779,0.03586361689043839,0.020470853471552173,0.011010959693522379,112126656890.59012,0.6950756478615105,33.35739884171073,20.295296736760776,12.136525094364227,106751825805323.17,0.3282361069329478,0.12435981292870954,0.08977312657937206,0.06748649631189202,8440597179096.862
